Aapo,Aaro,Aaron,Abaddon,Abban,Abbot,Abdiel,Abdullah,Abednego,Abejundio,Abel,Abidan,Abiel,Abijah,Abimael,Abiram,Abisai,Abishai,Abner,Abraham,Abram,Abran,Abrasha,Abraxas,Absalom,Absalon,Acacio,Acacius,Achaicus,Achan,Achaz,Achilles,Achim,Achmed,Ackerley,Ackley,Adair,Adalbert,Adalwin,Adam,Adamo,Adamnan,Adan,Addai,Addison,Addo,Adelphos,Aden,Adino,Adiran,Adis,Aditya,Adlai,Adley,Adler,Adley,Admes,Admon,Adolf,Adolfo,Adon,Adonijah,Adonis,Adran,Adrastos,Adrian,Adriel,Adrien,Aegidius,Aeneas,Aesop,Aetos,Agabo,Agamemnon,Agapito,Agatone,Agenor,Agelaos,Agid,Agnolo,Agostino,Agrippa,Agustin,Ahab,Ahearn,Ahmad,Ahmik,Ahren,Aidan,Aiden,Aimery,Aimo,Aitan,Ajax,Ajay,Akando,Akello,Akil,Akim,Akiro,Akseli,Akshay,Aladar,Aladin,Alain,Alajos,Alan,Aland,Alanic,Alano,Alastar,Alban,Alberto,Albin,Albinus,Alborn,Albrecht,Albwin,Alcander,Alcott,Alden,Aldo,Aldous,Alec,Aleister,Alek,Aleksy,Aleron,Alessandro,Alessio,Alex,Alexander,Alexandros,Alf,Alfeo,Alfonso,Alfred,Alfredo,Alger,Ali,Alick,Alijah,Alim,Alistair,Aljosha,Allard,Allen,Allister,Allon,Almeric,Alois,Alon,Alondor,Alonso,Alonzo,Aloysius,Alphaeus,Alram,Alrigo,Alrik,Alston,Altair,Alvah,Alvaro,Alvis,Alwin,Amadeo,Amadeus,Amadi,Amado,Amador,Amal,Amaldo,Amando,Amandus,Amardeo,Amari,Amariah,Amarin,Amarion,Amato,Amatus,Ambrogino,Ambrogio,Ambrosius,Amerigo,Amiel,Amir,Amistad,Amittai,Ammiel,Ammon,Amnon,Amon,Amor,Amos,Amram,Amsden,Anacleto,Anakin,Anan,Anand,Ananda,Ananias,Anastas,Anastasio,Anastassio,Anath,Anatol,Anatolij,Anaxagoras,Anaximander,Anders,Anderson,Andor,André,Andreas,Andrej,Andreus,Andrey,Andrew,Andries,Andronikus,Andy,Angell,Angelo,Anieli,Angrond,Angus,Anian,Anianus,Anker,Annas,Anselm,Anselmo,Ansgar,Ansley,Antek,Anthony,Antiochus,Antoine,Anton,Antonello,Antonino,Antonio,Antwan,Anwar,Anwell,Anwyl,Anyon,Apostolos,Aquilao,Aragon,Araldo,Aramil,Arash,Arbogast,Arcangelo,Archelaos,Archer,Archibald,Ardon,Ardor,Arduin,Arduino,Are,Areli,Aren,Ares,Argelion,Argus,Ari,Arian,Aricin,Aridai,Arieh,Ariel,Arik,Arion,Aristid,Aristo,Arjun,Arkadius,Arkin,Arley,Arman,Armando,Armas,Armin,Armon,Arn,Arnd,Arne,Arnaldo,Arnoldo,Arnon,Arnulf,Aroldo,Aron,Arpad,Arpiar,Arrigo,Arsenio,Athan,Arthon,Arthur,Arttu,Arturas,Arturo,Artus,Aruna,Arvid,Aryan,Asaf,Asaph,Ash,Asher,Ashford,Ashley,Ashlin,Ashon,Ashur,Askan,Asmund,Asterix,Athan,Athanasius,Atheron,Atlas,Atman,Atte,Attila,Attilo,Attis,Aubert,Aubrey,Aubry,Audun,Audric,Augusto,Augustus,Aurek,Aurel,Aurelio,Aurelius,Austin,Austyn,Avery,Avi,Avidan,Axel,Ayden,Ayko,Ayold,Azarel,Azariah,Azaziah,Azel,Azrael,Azzo,Bacchus,Bado,Baghira,Bailey,Balbo,Baldassare,Baldovino,Baldrick,Balduin,Baldur,Balendin,Balian,Balin,Balint,Balte,Balthasar,Baltram,Balu,Bancroft,Banning,Baptist,Barabas,Barak,Baran,Barcley,Bardo,Baris,Barnabas,Barnaby,Barnett,Barney,Baron,Barrett,Barromeo,Barry,Bartholomäus,Bartholomew,Bartolomeo,Barton,Baruch,Baschir,Basilio,Basilius,Basko,Bassam,Bastiaan,Bastian,Battista,Bavol,Baxter,Bay,Bayani,Bayard,Baylor,Beacan,Beagan,Beaman,Beatus,Becan,Beck,Beelzebub,Béla,Beldon,Belen,Belsazar,Bemus,Ben,Benaiah,Bendix,Benedetto,Benedikt,Bengt,Beniamino,Benigno,Benito,Benjamin,Benjiro,Bennett,Benno,Benny,Benson,Bent,Benton,Bentley,Benvenuto,Beowulf,Beppe,Beppo,Berengar,Berk,Berkeley,Bernadino,Bernardo,Bernfried,Bernhelm,Bero,Bersh,Bert,Berthold,Bertilo,Bertoldo,Berton,Bertrando,Bertwin,Beryl,Bethuel,Bettino,Beval,Bevan,Bevis,Biaggio,Biagino,Biagio,Bibieno,Bilal,Bill,Binsbart,Birger,Birk,Bjarne,Björn,Blade,Blaine,Blaise,Blake,Blasius,Blaze,Bo,Boas,Boaz,Bobby,Bodo,Bogart,Bogdan,Bogumil,Boje,Bolko,Bolton,Bonar,Bonaventura,Bond,Bonifacio,Bonifaz,Booker,Boris,Bork,Borkfried,Boromil,Borromeo,Bosco,Bosper,Botan,Bowes,Bowie,Boyce,Boyd,Brad,Braden,Bradford,Bradley,Brady,Bradyn,Braeden,Bram,Bran,Brandolf,Brayden,Brendan,Brandon,Brant,Braulio,Braxton,Bray,Brayan,Braydon,Brazil,Brencis,Brendan,Brenden,Brent,Brett,Brewster,Briac,Brian,Brice,Brighton,Brinley,Brisco,Brix,Brock,Broderick,Brodie,Brody,Brogio,Bronislaw,Bronson,Brooks,Bruce,Brunello,Brunhard,Bruno,Bryant,Brycen,Bryson,Buck,Bud,Buddy,Burgol,Burke,Burkhard,Burt,Burton,Buster,Butz,Buz,Byron,Cade,Cadeo,Caedmon,Cael,Cäsar,Caiaphas,Caiden,Cailan,Cain,Cainan,Caius,Calder,Cale,Caleb,Calogero,Caligula,Calimero,Callan,Callisto,Callum,Calogero,Calvin,Calvino,Cam,Camden,Cameron,Camillo,Campbell,Camren,Camulos,Can,Candan,Candidus,Carl,Carlin,Carlo,Carlos,Carlton,Carmi,Carpus,Carrick,Carson,Carter,Carver,Casey,Cash,Casimiro,Cason,Caspar,Casper,Cassidy,Cassiel,Cassim,Cassius,Castiel,Castor,Cato,Caton,Cavan,Cayden,Caylan,Cecco,Cecil,Cecilio,Cedric,Celestino,Celino,Celio,Celso,Cephas,Cesare,Cesarino,Cesbo,Chad,Chaika,Chaim,Chalmers,Chander,Chandler,Chane,Chaney,Channing,Chapman,Charles,Charlie,Chauncy,Chayton,Chaz,Chenaniah,Chester,Chivas,Chris,Christian,Christo,Christopher,Christos,Chrysanth,Chrysostomus,Chuck,Cicero,Cipriano,Ciriaco,Cirillo,Cirino,Ciro,Claas,Clarence,Clark,Claude,Claudio,Claus,Clay,Clayton,Clemens,Clement,Cleopas,Cleophas,Cleto,Cleveland,Cliff,Clifford,Clifton,Clint,Clinton,Clive,Clopas,Clovis,Clyde,Coby,Cody,Colby,Cole,Coleman,Colgan,Colin,Collin,Colman,Colombano,Colombo,Colon,Colt,Colten,Colton,Columbo,Conan,Conary,Concetto,Conn,Connar,Conner,Connie,Conor,Conrad,Conrado,Conroy,Constantin,Consuelo,Consus,Cooper,Corban,Corbett,Corbin,Corcoran,Cordell,Corentin,Corey,Corin,Cormac,Cornelis,Cornelius,Corrado,Cort,Cortez,Corvinus,Cosimo,Cosmas,Cosmo,Costantino,Costanzo,Coty,Courtland,Craig,Crescenzo,Crevan,Crispian,Crispin,Cristiano,Cristobal,Cristoforo,Crosby,Cruz,Cullen,Culver,Cumin,Curran,Curtis,Cynric,Cyrano,Cyprian,Cyriakus,Cyrill,Cyron,Cyrus,Cyryn,Daan,Dag,Dagan,Dagobert,Dakota,Dale,Daley,Dallas,Dallin,Dalton,Daly,Daman,Damaskinos,Damasus,Damek,Damian,Damiano,Damianos,Damion,Dammo,Damokles,Damon,Dan,Dane,Danello,Dangelo,Daniel,Danilo,Danior,Danko,Dankrat,Dankwart,Danny,Dano,Dante,Daquan,Dardanus,Daren,Darian,Darin,Dario,Darion,Darius,Darko,Darnell,Darragh,Darrell,Darren,Darrin,Darrion,Darryl,Dartan,Darwin,Dathan,Dave,Davey,David,Davide,Davin,Davion,Davis,Davon,Davorin,Dawson,Dayton,Deacon,Dean,Deandre,Deangelo,Decker,Declan,Dee,Deik,Delaiah,Delano,Delmar,Delsin,Deman,Demarcus,Demetrio,Demetrius,Dempsey,Denis,Dennis,Denver,Denzel,Deo,Deon,Deonte,Derek,Derrick,Derry,Deshawn,Desiderio,Desmond,Destin,Detlef,Detlev,Devante,Deven,Deverell,Devid,Devin,Devlin,Devonte,Devyn,Dexter,Dick,Didakus,Didier,Diederik,Diego,Dietbold,Dieter,Dietrich,Dillan,Dillon,Dimitri,Dimitrios,Dimosthenis,Dinko,Dino,Diogenes,Diomidis,Dion,Dionysius,Dioskur,Djamal,Djamil,Dobbin,Dobry,Dodo,Doman,Domenico,Domingo,Dominic,Dominikus,Dominion,Domokos,Domos,Don,Donald,Donatello,Donato,Donatus,Donavan,Donelly,Donet,Donisl,Donovan,Donte,Dooley,Dorian,Doriano,Doron,Dotan,Doug,Douglas,Dov,Doyle,Dracula,Drafi,Dragan,Drago,Dragomir,Drake,Draven,Drees,Drew,Druce,Dschingis,Duane,Dudley,Dugan,Duilio,Dumbo,Duncan,Dunstan,Dunvallo,Dustin,Dutch,Dwayne,Dwight,Dylan,Dylon,Dymas,Eachan,Eamon,Ean,Earl,Easton,Eaton,Eban,Ebbo,Ebenezer,Eberhard,Eberhelm,Eboreus,Eckart,Eckhart,Edan,Eddie,Eddy,Eder,Edgar,Edgardo,Edik,Edison,Edmond,Edmondo,Edmund,Edo,Edoardo,Edom,Edorian,Eduard,Eduino,Edward,Edgan,Eemeli,Eero,Efferdan,Efisio,Efraim,Efrain,Efrem,Efren,Efthimios,Egbert,Egidio,Egino,Ehmi,Ehud,Eichbart,Einar,Eisi,Elam,Elbrecht,Eldad,Eldar,Eleazar,Elek,Elemar,Eleutherius,Elgor,Eli,Elia,Elian,Eliano,Elias,Eliezer,Eligio,Eligius,Elihu,Elijah,Eliodoro,Eliphalet,Eliphas,Eliseo,Elisha,Eliud,Elkan,Elkanah,Ellery,Elliot,Ellis,Elmar,Elmo,Elnathan,Eloan,Elof,Eloy,Elpidio,Elroy,Elsworth,Elton,Elvis,Elvyn,Elwin,Ely,Elzevir,Elymas,Emano,Emanuel,Emerico,Emidio,Emil,Emiliano,Emilio,Emlyn,Emmanuel,Emmeran,Emmerich,Emerson,Emmery,Emmett,Emmo,Emory,Emry,Endres,Endrik,Engelbert,Ennio,Enoch,Enos,Enosh,Enrico,Enrique,Enver,Enzio,Enzo,Eoin,Eolan,Epaminondas,Epaphras,Ephraim,Eran,Erasmus,Erastus,Ercan,Ercole,Erdmann,Erek,Eric,Erik,Erin,Erk,Erko,Erlan,Erland,Erling,Ermanno,Ermenegildo,Erminio,Ermo,Ernan,Ernbrecht,Ernestino,Ernesto,Ernie,Erno,Eros,Erpo,Errol,Erwin,Eryx,Erzian,Esaias,Esau,Esdras,Esra,Eskil,Espiridion,Estachio,Esteban,Estevan,Ethan,Ethen,Etienne,Ettore,Eudor,Eugen,Eugene,Eugenio,Eulrich,Eumenes,Euphemius,Euripides,Eusebio,Eustace,Eustachio,Eustachus,Eustathius,Euston,Eustorgio,Evan,Evander,Evangelos,Evaristo,Evaristus,Eveny,Everardo,Everett,Evgenios,Evin,Evlambios,Evripidis,Ewald,Ewen,Ezechiel,Ezekiel,Ezequiel,Ezio,Ezra,Ezzo,Fabian,Fabiano,Fabio,Fabius,Fabrizio,Fabron,Fabroni,Fady,Fairfax,Falgun,Falk,Falkner,Falko,Faraji,Fariel,Faramund,Farkas,Farley,Farman,Farold,Farrar,Farrell,Faruk,Faustino,Faustinus,Fausto,Faxon,Fear,Februus,Fedele,Federico,Federigo,Fedon,Feivel,Felice,Feliciano,Felipe,Felix,Felizian,Fenton,Ferdinand,Ferdinando,Ferenc,Fergus,Ferguson,Fernando,Ferran,Ferris,Ferrucio,Festus,Fidel,Fidelis,Fidibus,Fielding,Fiete,Filiberto,Filippo,Filius,Fingorn,Finley,Finn,Fionn,Fiorello,Fiorenzo,Firmino,Firutin,Fisk,Fitz,Fitzgerald,Fjodor,Flann,Flannery,Flavio,Flavius,Fleming,Flemming,Fletcher,Flipper,Floke,Florens,Florentin,Florestan,Florian,Floriano,Florin,Floris,Florry,Floyd,Flynn,Flynt,Fodor,Foillan,Fokko,Folkus,Fonda,Forbes,Ford,Forrest,Forrester,Fortunato,Fortunio,Foster,Foxy,Francesco,Francis,Franco,Frank,Frankie,Franklin,Franz,Franziskus,Fraser,Frasier,Frasquito,Frazier,Freddy,Frederic,Frederik,Frediano,Fredo,Fredrik,Free,Freeman,Freemont,Fresco,Fridolin,Fridtjof,Friedemann,Frieder,Friedrich,Frieso,Frigyes,Fritz,Fuller,Fuchur,Fulbert,Fulgenzio,Fuller,Fulton,Fulvio,Fulvius,Furkan,Gabor,Gabriel,Gabrio,Gad,Gaddo,Gael,Gaetano,Gage,Gaige,Galdino,Galeno,Galileo,Gallo,Gallus,Galvan,Galvin,Gamaliel,Gamble,Gandolfo,Gannon,Ganshyam,Gardner,Gareth,Garfield,Garmon,Garnett,Garrett,Garrick,Garridan,Garrison,Garvan,Gary,Gaspare,Gasparo,Gaston,Gaudenz,Gauthier,Gaven,Gavin,Gavino,Gavrie,Gavyn,Gawein,Gaynor,Gearalt,Gedaliah,Gedeon,Geiserich,Gemariah,Gene,Genest,Gennaro,Geoff,Geoffrey,Georg,George,Georgios,Geppert,Gera,Gerald,Gerard,Gerardo,Gerasimos,Gereon,Gerik,Gerion,Germain,Germano,Germo,Gerolamo,Gerolf,Geronimo,Gerret,Gerrik,Gershom,Gerson,Gervas,Gervasio,Gezelin,Ghislain,Giacinto,Giacobbe,Giacomo,Giambattista,Giampaolo,Giampiero,Gian,Giancarlo,Gianfranco,Gianluca,Gianluigi,Gianmarco,Gianmaria,Gianni,Giannino,Gianpaolo,Gianpiero,Gibor,Gideon,Gilad,Gilbert,Gilberto,Gildo,Gilgalad,Gilles,Gilm,Gilvarry,Gino,Ginton,Gioacchino,Gioconda,Gion,Giordano,Giorgi,Giorgino,Giorgio,Giosuè,Giovanni,Giraldo,Girolamo,Gisbert,Giselbert,Giselher,Giselhold,Giselwulf,Giuliano,Giulio,Giuseppe,Giustino,Givon,Gladwyn,Glasny,Glauco,Glaukos,Gleb,Glenn,Godeffroy,Godfrey,Goffredo,Götz,Goffredo,Goliath,Golo,Gomer,Gonzalo,Goran,Gord,Gordianus,Gordo,Gordon,Gorgely,Gorm,Gorn,Gorry,Goswin,Gottfried,Gottlieb,Götz,Govert,Graziano,Grady,Graham,Gram,Granger,Grant,Granville,Gratian,Grayson,Graziano,Greg,Gregor,Gregorio,Gregory,Gresham,Greyson,Griffin,Griffith,Grigorij,Grischa,Groben,Gualterio,Guerino,Guglielmo,Guglio,Guido,Guillermo,Gulliver,Gumbald,Gunnar,Gunner,Gunter,Guntis,Guntram,Gustav,Gustavo,Guy,Guyapi,Haakon,Habacuc,Habakkuk,Habakuk,Hackett,Hachiro,Hadad,Hadden,Haden,Hades,Hadley,Hadrian,Hadubrand,Hadyn,Hagan,Hagen,Haggai,Hagop,Haidar,Haider,Hajo,Hakan,Hakeem,Hakim,Hakon,Hal,Haldor,Haldur,Hale,Hall,Hallam,Hallbjörn,Halldor,Hallvard,Halmar,Halsey,Halstein,Halsten,Halvar,Halvard,Halvdan,Halvor,Ham,Hamid,Hamilcar,Hamilton,Hamish,Hamlet,Hamlin,Hammond,Hamnet,Hamo,Hamon,Hampus,Hamza,Hanan,Hananiah,Hanif,Hank,Hanke,Hannes,Hannibal,Hanno,Hannu,Hans,Harad,Harald,Haraldur,Harden,Harding,Hardy,Harinder,Harish,Harith,Hark,Harlan,Harland,Harley,Harm,Harman,Harmon,Harold,Harper,Harri,Harris,Harrison,Harry,Harshal,Hartley,Hartmann,Hartmut,Hartwig,Hartwin,Harun,Harve,Harvey,Harvie,Hasan,Hasdrubal,Hashim,Hasib,Hasim,Haskel,Hassan,Hasse,Hastings,Hatim,Hauke,Haul,Havard,Havel,Hayden,Hayder,Hayes,Haytham,Haywood,Hazael,Headley,Heath,Hebel,Heber,Heck,Heckie,Heddwyn,Hedley,Hefin,Heikki,Heiko,Heilyn,Hein,Heiner,Heino,Heinrich,Heinz,Heitor,Hektor,Helder,Helferich,Helfried,Helge,Heli,Heliodoros,Helios,Helladius,Helmar,Helmbrecht,Helmfried,Helmut,Hemming,Henderson,Hendrik,Henk,Hennes,Henning,Henri,Henrik,Henrikas,Henrikki,Henrique,Henry,Henryk,Hephaestus,Heracleitus,Herakleides,Herakles,Herb,Herbert,Herberto,Herbie,Hercule,Hercules,Hereward,Heribert,Heriberto,Herk,Herkules,Herleif,Herman,Hermann,Hermanni,Hermanus,Hermenegildo,Hermes,Herminio,Herminius,Hermogenes,Hermokrates,Hermolaos,Hermon,Hernan,Hernando,Hero,Herod,Herodes,Herodion,Herodotus,Heron,Hersh,Hershel,Hervey,Herwig,Hesekiel,Heshel,Hesiod,Hewie,Heydar,Hezekiah,Hieronymus,Hilaire,Hilario,Hilarion,Hilarius,Hilbert,Hildebrand,Hilding,Hilgert,Hilko,Hillel,Hilton,Hinrich,Hinrik,Hinz,Hiob,Hipolito,Hippokrates,Hippolyt,Hippolytos,Hirah,Hiram,Hiroshi,Hirsh,Hisham,Hizkiah,Hjalmar,Hogan,Hokolesqua,Holden,Holger,Holm,Holt,Homer,Honoratus,Honorius,Hopkin,Horace,Horacio,Horatio,Horatius,Horst,Horton,Horus,Hosea,Houston,Hovhannes,Hovsep,Howard,Howell,Hoyt,Hubert,Hubrecht,Hudson,Huey,Huffie,Hugh,Hughie,Hugo,Humbert,Humberto,Humphrey,Hunter,Huntley,Huppert,Hupprecht,Hyacinth,Hyam,Hyder,Hygin,Hyginius,Hyginus,Hyman,Hymie,Hynek,Hyram,Iacchus,Iagan,Iago,Iain,Iakopa,Iakovo,Ian,Ianto,Iarlaith,Iason,Ibraheem,Ibrahim,Ichabod,Ichiro,Idan,Idefix,Idris,Idwal,Iefan,Iestyn,Ifan,Igan,Ignaas,Ignace,Ignacio,Ignacy,Ignatz,Ignazio,Igon,Igor,Ikaia,Ikarus,Ike,Ilan,Ilar,Ilario,Ilbert,Ilia,Ilian,Ilias,Ilie,Ilija,Ilion,Iliya,Ilja,Ilker,Illarion,Illtyd,Ilmar,Iliya,Ilya,Ilyas,Imad,Imanol,Imhotep,Immanuel,Immo,Imran,Imrus,Inderpal,Indigo,Ing,Ingalf,Ingemar,Inglebert,Ingmar,Ingobert,Ingolf,Ingram,Ingrimon,Ingvar,Inigo,Innes,Innocent,Innocenco,Innokenti,Innozenz,Into,Ioan,Ioann,Ioannes,Ioannis,Iokua,Iolo,Iolyn,Iomhar,Ion,Ionatán,Ionel,Ionut,Iordan,Iorwerth,Iosif,Ipati,Ippolit,Ippolito,Ira,Iraklis,Irenäus,Ireneo,Ireneus,Irfan,Irial,Irinai,Irion,Irodotos,Irvin,Irving,Irwin,Isaac,Isaak,Isador,Isai,Isaia,Isaiah,Isaias,Isak,Isandro,Isay,Iser,Ishmael,Ishmerai,Isiah,Isidor,Isidoro,Isidro,Iskender,Islav,Islay,Islwyn,Ismael,Ismo,Isocrates,Israel,Issa,Issac,Issachar,Issak,Issur,Issy,Italo,Italus,Itamar,Ithai,Ithamar,Ithel,Ithiel,Itimad,Itzak,Itzal,Itzhak,Iulian,Ivailo,Ivaldo,Ivan,Ivar,Ivaylo,Ives,Ivo,Ivor,Iwan,Iwar,Iwo,Iyov,Izaak,Izaiah,Izidor,Jaakko,Jaasau,Jabari,Jabez,Jabin,Jace,Jachin,Jacinto,Jack,Jackson,Jacob,Jacobus,Jacoby,Jada,Jadon,Jakopo,Jacques,Jacy,Jaden,Jadon,Jadyn,Jaeden,Jafar,Jagger,Jahaim,Jaheem,Jahiem,Jahleel,Jahzeel,Jaiden,Jaime,Jair,Jairo,Jairus,Jake,Jakob,Jakobus,Jal,Jalen,Jamal,Jamar,Jamari,Jamel,James,Jameson,Jamil,Jamin,Jamir,Jamison,Jan,Janek,Janis,Jannik,Janos,Janosch,Januarius,Janus,Japheth,Jaquan,Jaquez,Jared,Jarek,Jaren,Jargo,Jarka,Jarl,Jarlak,Jarlath,Jarman,Jaris,Jarod,Jaromir,Jaron,Jaroslaw,Jarrett,Jarvis,Jascha,Jase,Jaska,Jasko,Jason,Jasper,Javan,Javen,Javier,Javion,Javon,Jaxon,Jay,Jayce,Jaycob,Jaydon,Jaylan,Jaylen,Jaylin,Jayson,Jedidiah,Jefferson,Jeffrey,Jehiel,Jehoash,Jehoiachin,Jehoiakim,Jehohathan,Jehoshaphat,Jehu,Jeldrik,Jelle,Jendrik,Jens,Jephtha,Jere,Jeremiah,Jeremias,Jeremiel,Jeremy,Jergan,Jerges,Jeriah,Jericho,Jermaine,Jerolin,Jeronimus,Jerry,Jesajas,Jesko,Jesper,Jesse,Jesus,Jethro,Jett,Jevon,Jimi,Jimmy,Jivin,Joab,Joan,Joachim,Joakim,Joaquin,Joash,Job,Jodokus,Joel,Johann,Johannes,John,Johnny,Jokim,Jolon,Jon,Jona,Jonah,Jonas,Jonatan,Jônatas,Jonathan,Jonathon,Joni,Jonny,Jonte,Jonty,Joona,Joonas,Joost,Jöran,Jordan,Jorden,Jordy,Jorge,Jorgen,Jörg,Jorim,Joris,Joschka,Joschua,Jose,Joseam,Joseph,Joses,Josh,Joshua,Josiah,Josias,Josold,Josse,Jost,Josua,Jotham,Jovan,Jovani,Jovany,Jove,Juan,Jubal,Juban,Judah,Judas,Judd,Juho,Jukundus,Jules,Julian,Julien,Julio,Juliun,Julius,Junior,Junius,Jurek,Jürgen,Juri,Jurica,Jussuf,Justin,Justus,Justyn,Juuso,Kaapo,Kaarpo,Kaarlo,Kabos,Kade,Kaden,Kadin,Kadir,Kai,Kaiser,Kaj,Kajetan,Kale,Kaleb,Kaleo,Kalev,Kalidas,Kalkin,Kalle,Kallias,Kallikrates,Kallisto,Kallistus,Kalman,Kaloyan,Kalyan,Kamal,Kam,Kameron,Kamron,Kane,Kaniel,Kaolin,Kapel,Kapil,Karam,Karan,Kareem,Karel,Karim,Karl,Karlis,Karlsson,Karol,Karolis,Karon,Karp,Karson,Karsten,Kasey,Kasimir,Kaspar,Kasper,Kassius,Kastor,Kataldo,Kauko,Kay,Kayden,Kayetan,Kayin,Kazimir,Keagan,Kealan,Kean,Keanu,Kearney,Keaton,Keegan,Keelan,Keenan,Kees,Kegan,Keir,Keith,Kelan,Kelby,Kelcey,Keld,Kelemen,Kell,Kellen,Kelton,Kelvin,Ken,Kenan,Kenaniah,Kendall,Kendrick,Kenelm,Kenith,Kenley,Kennard,Kennedy,Kennet,Kenneth,Kenny,Keno,Kenrick,Kent,Kentigern,Kenton,Kenyon,Kenzie,Keon,Keoni,Kephas,Ker,Keran,Kerman,Kermit,Kerneels,Kerr,Kerry,Kerwin,Keshaun,Keshet,Kester,Kettil,Kevan,Keven,Kevin,Kevon,Kevork,Keyon,Keyshawn,Khaleel,Khalid,Khalil,Khariton,Kian,Kiaran,Kieran,Kieron,Kilian,Killian,Kim,Kimball,Kimo,KingKong,Kingsley,Kinnel,Kinsey,Kip,Kipling,Kipp,Kirabo,Kiran,Kiriakos,Kirill,Kirim,Kirk,Kirkwood,Kishan,Kistna,Kit,Kiyoshi,Kjeld,Kjell,Kjetil,Klaas,Klaus,Kleitos,Klemens,Kleopas,Kliment,Knox,Knud,Knut,Kobus,Koby,Kodey,Kody,Koen,Koenrad,Kojo,Kolby,Koldo,Koldobika,Kole,Kolja,Kolman,Koloman,Kolumbus,Kolya,Kondrat,Konnor,Kono,Konrad,Konsta,Konstantin,Konstantinos,Konstantyn,Koos,Koppel,Koraldo,Koray,Korbin,Korbinian,Kord,Korey,Korneel,Kornel,Kornelio,Kort,Korudon,Kory,Kosmas,Kosta,Kostandin,Kostja,Kostya,Kourtney,Kozma,Krasimir,Krastio,Kreon,Kresimir,Kreso,Kresten,Krikor,Kris,Krischan,Krishna,Krishnan,Kriss,Kristaps,Kristen,Krister,Kristian,Kristijan,Kristjan,Kristof,Kristopher,Kronos,Krystian,Krystof,Kryston,Ksawery,Kuba,Kumar,Kulman,Kunal,Kunibert,Kuno,Kuro,Kurt,Kurtis,Kustaa,Kusti,Kuzma,Kylan,Kyle,Kyler,Kynaston,Kyne,Kyo,Kyran,Kyree,Kyriakos,Kyros,Kyrylo,Laban,Lacey,Lachlan,Laci,Ladek,Ladislao,Ladislas,Ladislaus,Lado,Lael,Laertes,Laird,Lajos,Lake,Lalo,Lamar,Lambert,Lamberto,Lamech,Lammert,Lamont,Lamprecht,Lance,Lancelot,Lander,Landers,Landoald,Landon,Landor,Lane,Lanford,Langdon,Langundo,Lanny,Lanty,Lanzo,Laoghaire,Laokoon,Lares,Larissos,Larkin,Larrie,Larry,Lars,Lashay,Laslo,Lasse,Lassi,Latif,Latrell,Lauchlan,Laughlin,Launce,Launo,Laurence,Laurens,Laurentius,Laurenz,Lauri,Laurits,Lauro,Lavern,Lavi,Lavrans,Lavrenti,Lavrentios,Lavrenty,Lawler,Lawrence,Lawrie,Lawry,Lawson,Laxman,Layne,Layton,Laz,Lazar,Lazarus,Lazer,Lazzaro,Leachlainn,Leander,Leandro,Leandros,Lear,Learco,Leberecht,Lech,Lechdan,Lee,Leevi,Lefteris,Legolas,Lehi,Leif,Leigh,Leighton,Leith,Leland,Lemmy,Lemoine,Lemuel,Len,Lenard,Lenardo,Lennard,Lennart,Lennie,Lennon,Lennor,Lennox,Lenny,Lenox,Lensar,Lenz,Leo,Leocadio,Leofric,Leolin,Leomar,Leon,Leonard,Leonardo,Leonas,Leonce,Leoncino,Leoncio,Leone,Leonel,Leonhard,Leonid,Leonidas,Leonius,Leonti,Leontius,Leonty,Leonzio,Leopold,Leopoldo,Leos,Leroi,Leron,Leroy,Les,Leshem,Lestat,Lester,Lev,Levi,Levin,Levon,Lewin,Lewis,Lex,Leyton,Liam,Lian,Lias,Liberatore,Liberius,Libor,Liborio,Liborius,Lieber,Liebfried,Liebizo,Lien,Lieven,Linas,Lincoln,Lindon,Linford,Linnart,Linnert,Lino,Linos,Linton,Linus,Lion,Lionel,Lior,Lir,Liron,Lisandro,Liudvikas,Livio,Livius,Livy,Ljubomir,Lloyd,Loarne,Lochlainn,Lochlann,Lockie,Lodewik,Lodovico,Logan,Lois,Lomán,Lommán,Lon,Lonán,Lonato,London,Longinus,Lonnie,Lonny,Lopez,Lörinc,Lorcán,Lorencio,Lorens,Lorenz,Lorenzo,Loretto,Lorin,Loriot,Loris,Lorn,Lorne,Lorrin,Losan,Lot,Lothair,Lothar,Lothario,Lothur,Lou,Louie,Louis,Loup,Lourenco,Love,Lovel,Lovell,Lovis,Lovrenc,Lovro,Lowell,Loy,Loyd,Lu,Lubbert,Luben,Lubomierz,Lubomir,Luc,Luca,Lucas,Lucian,Luciano,Lucien,Lucifer,Lucio,Lucius,Lucjan,Lucky,Ludde,Ludger,Ludo,Ludovic,Ludovico,Ludoviko,Ludvig,Ludvik,Ludwig,Ludwik,Luigi,Luigino,Luis,Luitger,Luitpold,Luka,Lukas,Luke,Lukyan,Lunt,Lupo,Luther,Lutz,Luuk,Luukas,Lyall,Lycurgus,Lykaios,Lykaon,Lyle,Lyn,Lynden,Lyndon,Lynton,Lynwood,Lyonel,Lyov,Lysagh,Lysander,Lysimachos,Lyubov,Maarten,Mac,Mace,Mackenzie,Madai,Magnus,Mahalah,Mahali,Makani,Makarios,Malachi,Malachias,Malakai,Malchus,Malcolm,Malik,Maloney,Malte,Malvyn,Malwin,Malzan,Mamo,Manasseh,Manasses,Manco,Mandek,Mander,Manfred,Manfredo,Mango,Manlio,Manning,Mannix,Manolo,Manolito,Marbert,Marc,Marcel,Marcellino,Marcello,Marcin,Marcius,Marco,Marcos,Marden,Marek,Mareno,Marhold,Marian,Mariano,Marin,Marino,Marinus,Mario,Marius,Mark,Marlin,Marlon,Marnin,Marquez,Marquis,Marshall,Martin,Martino,Marty,Marvin,Marzio,Mason,Massimiliano,Massimo,Matai,Mateo,Maternus,Matthias,Mathis,Matias,Mats,Matt,Matteo,Mattes,Matthäus,Matthew,Matti,Mattia,Matz,Maurice,Maurin,Mauritius,Maurits,Maurizio,Mauro,Maverick,Max,Maxim,Maxime,Maximilian,Maximo,Maxwell,Mayon,Meade,Meckie,Medon,Medwyn,Mehetabel,Mehmet,Meinhard,Meirion,Mekhi,Melancton,Melcher,Melchior,Melchiorre,Meldan,Melek,Melvin,Menachem,Menard,Mendel,Menelaos,Mephisto,Merari,Mercer,Merkur,Merlin,Merrick,Mert,Mervin,Mervyn,Meshach,Mashullam,Methusalem,Methuselah,Meyer,Meyler,Micah,Micajah,Micha,Michal,Michael,Michel,Michelangelo,Michele,Mick,Micky,Midoro,Miguel,Mihaly,Mikael,Mike,Mikel,Mikkel,Miklos,Mikosch,Milagros,Milan,Miles,Milo,Milton,Miner,Minos,Miro,Miroslaw,Misael,Mischa,Mitch,Mitchell,Mnason,Moab,Modest,Modesto,Modestus,Mohammed,Moises,Monroe,Monte,Montgomery,Monty,Moorish,Moran,Morandus,Mordecai,Moreno,Morgan,Moriarty,Morillo,Morin,Moritz,Morris,Morrison,Moroni,Morten,Mortimer,Morton,Morven,Moses,Moshe,Movert,Muhammad,Murak,Murdoch,Murdock,Murphy,Murray,Murry,Murty,Mustafa,Myles,Myron,Naamah,Nabil,Nabor,Nacho,Nacio,Nadab,Nadav,Nader,Nadim,Nadir,Nagendra,Nagesh,Nagib,Nagid,Nahor,Nahuel,Nahum,Nail,Naitik,Najib,Naldo,Nalren,Namid,Namir,Nandan,Nando,Nandor,Nanook,Nantan,Nantwig,Nanuk,Naoise,Naphtali,Napier,Napoleon,Narayan,Narciso,Narcisso,Narcissus,Naoki,Naoya,Narendra,Narinder,Narvik,Nash,Nasir,Nasser,Nasul,Nat,Natalio,Natanael,Nate,Nathan,Nathanael,Nathaniel,Natalis,Natanaele,Nathen,Naum,Naveed,Navid,Nazaire,Nazar,Nazario,Nazariy,Neacail,Neacel,Neal,Nebojsa,Nebukadnezar,Neculai,Ned,Neece,Neely,Nehemia,Neifion,Neil,Neirin,Nekoda,Nelek,Nels,Nelson,Nelu,Nemanja,Nemo,Nenad,Neo,Neoptolemus,Nepomuk,Neptun,Neptune,Nereus,Neriah,Nerio,Nero,Neron,Nerva,Nestario,Nestor,Nestore,Nethaniah,Netis,Netuno,Nevan,Nevil,Neville,Nevin,Nevio,Newt,Niall,Nibelung,Nic,Nicanor,Niccolò,Nichjo,Nichol,Nicholas,Nick,Nickolas,Nico,Nicodemo,Nicodemus,Nicol,Nicola,Nicolaas,Nicolao,Nicolaos,Nicolas,Nicolau,Nicolò,Nicomedes,Nicomedo,Nicostrato,Nicu,Nicusor,Niels,Nigel,Nikandros,Nike,Nikephoros,Nikhil,Nikias,Nikifor,Nikita,Niklas,Niklaus,Nikodemos,Nikodemus,Nikodim,Nikola,Nikolaas,Nikolai,Nikolaj,Nikolao,Nikolaus,Nikolos,Nikomachos,Nikomedes,Nikon,Nikos,Nikostratos,Niles,Nils,Nimbus,Nimrod,Ninian,Nino,Nioclás,Niranjan,Nirel,Nishan,Nishant,Nitin,Nivek,Niven,Nizar,Njord,Noach,Noadiah,Noah,Noak,Noam,Noble,Nodin,Noe,Noel,Nolan,Nolik,Noll,Nomiki,Nooa,Norbert,Norm,Norman,Normand,Norris,Norton,Norwin,Norwood,Notker,Novalis,Novio,Nowell,Nudd,Nuncius,Nuno,Nunzio,Nuri,Nye,Nyle,Oakes,Oakley,Obadiah,Obed,Obelix,Oberon,Obi,Obialulu,Obrad,Ochen,Octavian,Octavio,Octavius,Odd,Oddmund,Oddvar,Oded,Odell,Odhiambo,Odhrán,Odil,Odilo,Odilon,Odin,Odion,Odo,Odoacer,Odon,Odovacar,Odran,Odysseus,Ödipus,Ofer,Ofydd,Ogden,Ogilvy,Ognian,Ognyan,Oguz,Oisin,Oiva,Okan,Ola,Olaf,Olav,Olavi,Olavo,Olcay,Olderico,Oldrich,Ole,Oleg,Olek,Oleksander,Oleksyi,Oleos,Olev,Olf,Oli,Olier,Oliver,Olivier,Olk,Olle,Olli,Olof,Olov,Olrugo,Olympiodoros,Olympos,Olympus,Om,Omar,Omari,Omarion,Omarjeet,Omer,Omid,Ompoly,Omri,Ond,Ondra,Ondrej,Onesimus,Onesiphorus,Oney,Oni,Onisim,Onni,Onno,Onur,Ophiuchus,Optatus,Oral,Oran,Orazio,Orbán,Orel,Orelano,Orelio,Orelious,Orell,Oren,Orest,Orestes,Orfeo,Ori,Orion,Örjan,Orkény,Orlando,Orman,Ormerod,Ormond,Ormos,Oroitz,Oro,Orpheus,Orrell,Orrin,Ors,Orsino,Orso,Orson,Ortensio,Ortfried,Orton,Orval,Orvar,Orville,Orvin,Osama,Osaze,Osbaldo,Osbert,Osborn,Osbourne,Oscar,Osgood,Osheen,Osher,Osip,Osiris,Oskar,Oskari,Osku,Osman,Osmond,Osmund,Ossian,Osvaldo,Oswald,Oswin,Otakar,Otávio,Othello,Othniel,Otho,Otieno,Otis,Otokar,Otso,Ottaviano,Ottavio,Otto,Ottokar,Ouranos,Ovadia,Ove,Oved,Ovid,Ovidio,Owen,Owain,Owald,Oxford,Oz,Ozan,Ozaner,Ozor,Ozzie,Ozzy,Pablo,Paco,Pagol,Pallu,Palmer,Palmiro,Pan,Pancho,Pancrazio,Panfilo,Pankratius,Panos,Pantaleone,Pantalus,Panthea,Paolino,Paolo,Papageno,Paphnutius,Papylus,Paride,Parinor,Paris,Parker,Parlan,Parzifal,Pascal,Pasquale,Pasqualino,Patamon,Patrice,Patricius,Patrick,Patrizio,Patroklus,Patton,Paul,Paulin,Paulinus,Paulus,Pavel,Pawel,Payat,Payne,Paxton,Payton,Peder,Pedro,Peer,Pelagius,Pelias,Pellegrino,Penn,Pepablo,Pepino,Peradan,Percy,Pergamos,Perikles,Perino,Perry,Petrea,Petrus,Peyton,Phelan,Phil,Philander,Philemon,Philetus,Philibert,Philipp,Philippus,Phineas,Phoenix,Pickwick,Pierce,Piero,Pierre,Pierson,Piet,Pieter,Pietro,Pilan,Pinkas,Pino,Pinocchio,Pio,Pippin,Pirmin,Piro,Pius,Placido,Placidus,Platon,Plinio,Pluto,Pollux,Polter,Polybos,Polykarp,Pompejus,Pompeo,Pontianus,Pontius,Ponzio,Porfirio,Porphyrios,Porter,Poseidon,Potiphar,Pranav,Preston,Priamos,Price,Prikt,Primo,Prince,Prochorus,Prometheus,Prospero,Prudenzio,Ptolemy,Publius,Pumpernickel,Pumuckl,Pygmalion,Pyrrhus,Pythagoras,Qabil,Qadim,Qadir,Qamar,Qasim,Qimat,Qismat,Quade,Quan,Quanah,Quang,Quanion,Quant,Quantas,Quasim,Quasimodo,Quax,Qudamah,Quendan,Quennel,Quennell,Quentin,Querido,Quidel,Quigley,Quillan,Quim,Quimby,Quin,Quinby,Quincey,Quincy,Quinlan,Quinn,Quinten,Quintin,Quinton,Quintus,Quique,Quiriakus,Quirin,Quirino,Quirinus,Quito,Quon,Raban,Rabanus,Radcliff,Radman,Radomil,Radulf,Raffaele,Raffaello,Rahul,Raidon,Raimondo,Raimund,Rainer,Rainier,Ramiro,Ramo,Ramon,Ramsey,Rance,Randal,Randolph,Ranen,Ranger,Raniero,Rank,Ranon,Raoul,Raquelo,Rashad,Rashid,Rasmus,Rasputin,Rateral,Rauert,Raul,Ravi,Ravid,Ravish,Ray,Raymond,Raymundo,Raynor,Reade,Reagan,Redford,Redmond,Reece,Reed,Reese,Reeve,Regan,Reginald,Regis,Reid,Reiko,Reilly,Reimar,Remigio,Remigius,Remington,Remo,Remus,Renato,Renaud,Rendor,René,Renny,Reno,Renzo,Reto,Reuben,Reuel,Revelin,Rex,Rey,Reyhan,Reynaldo,Reynaud,Reynold,Rezzo,Rhett,Rhodes,Rhys,Ricardo,Riccardo,Richard,Rickey,Rico,Rider,Ridgeley,Rienzo,Rigby,Rigoberto,Rik,Riku,Riley,Rimon,Rinaldo,Ringo,Rino,Riocard,Riordan,Rishon,River,Roald,Robak,Robbie,Robert,Roberto,Robin,Robinson,Rocco,Roch,Rochus,Rockwell,Rodan,Roderik,Rodman,Rodney,Rodolfo,Rodrigo,Rogan,Rogelio,Roger,Rohan,Roi,Roland,Rolando,Roldan,Romain,Romano,Romeo,Romero,Romolo,Romualdo,Romulus,Romun,Ronan,Rondrigo,Roni,Ronny,Rooney,Roope,Rory,Rosaire,Roscoe,Ross,Roswin,Roth,Rowan,Rowland,Roy,Royce,Ruben,Rudd,Rudi,Rudolf,Rudy,Rüdiger,Rufino,Rufus,Ruggero,Ruggiero,Rukus,Rumbo,Rune,Rupert,Ruprecht,Ruskin,Russell,Rusty,Ryan,Ryder,Ryke,Rylan,Rylee,Ryley,Sabino,Sachiel,Sage,Sagiv,Said,Sakima,Saladin,Salim,Salix,Salman,Saloman,Salomon,Salathiel,Salvador,Salvatore,Sam,Samir,Samson,Samu,Samuel,Samy,Sanders,Sandon,Sandor,Sandro,Sansone,Santeri,Santhosh,Santiago,Santino,Santo,Santos,Sarbis,Sarge,Sargent,Sarjo,Sarvapalli,Sascha,Sasso,Satan,Satoshi,Saturnino,Saturnus,Saul,Saunders,Saverio,Savino,Savio,Sawyer,Saxon,Scevola,Scipio,Scott,Scotty,Seamus,Sean,Sebaldus,Sebastian,Sebastiano,Seff,Seif,Sekundus,Sem,Semaj,Semino,Semjon,Seneb,Seneca,Senne,Senon,Serafino,Seraphim,Serenus,Sergej,Sergey,Sergio,Servatius,Sesto,Seth,Settimio,Severiano,Severin,Severino,Severo,Shadrach,Shailendra,Shakir,Shamar,Shamgar,Shamus,Shanahan,Shandy,Shane,Shannon,Sharif,Shaun,Shayne,Shealtiel,Sheba,Sheldon,Shelomo,Shem,Shemar,Shemer,Shen,Sheridan,Sheridon,Sherlock,Shimon,Shiro,Shulamith,Sidhe,Sidney,Sidonius,Siegfried,Siegram,Sierk,Sievert,Sigurd,Sikko,Silas,Silesius,Silvano,Silvanus,Silvester,Silvestro,Silvio,Silvijo,Sima,Simeon,Simodo,Simon,Simplicius,Simson,Sincere,Sinclair,Sindar,Sindbad,Sinon,Sintram,Sipo,Sireno,Sirimavo,Sirius,Sisyphus,Sivan,Sivney,Siw,Sixten,Sixtus,Skamander,Skipp,Skylar,Skyler,Slade,Slevin,Sloan,Smith,Snoopy,Sofronio,Sokrates,Solomon,Sönke,Sönnich,Sonny,Sophokles,Sören,Sorin,Sorley,Soterios,Spalding,Spencer,Spike,Squire,Stachus,Stan,Stanislaus,Stanley,Stasio,Stefan,Stefano,Sten,Stephan,Stephen,Stephon,Sterling,Steve,Stian,Stig,Stijn,Stoke,Stone,Storko,Stoyan,Strom,Stuart,Sulaiman,Sullivan,Sumner,Sutherland,Sven,Sweeney,Syd,Syed,Sylvain,Sylvester,Synan,Taban,Tabari,Tacito,Tacitus,Tadao,Taddeo,Tadi,Tagino,Tahir,Tajo,Takis,Talman,Talon,Talos,Tamino,Tammaro,Tammes,Tammo,Tamuk,Tancredo,Tanner,Tano,Tansy,Tantalus,Taranis,Tarasios,Tarak,Tarek,Tarik,Tariq,Taro,Tarquin,Tarzan,Tate,Tassilo,Taurin,Tavion,Tayfun,Taylan,Taylor,Ted,Teddy,Teemu,Tem,Teman,Temani,Tennessee,Teobaldo,Teodoro,Teodosio,Teofilo,Terach,Terah,Terenzio,Terrance,Terrell,Terrence,Terril,Terry,Tertullian,Terzo,Teukros,Teutates,Thaddeus,Thales,Thaman,Than,Thanatos,Thane,Thanos,Theodor,Theodore,Theodul,Theophil,Theophilus,Theron,Thessalos,Thierry,Thijs,Thilo,Thimorn,Thion,Thisdan,Thoas,Thomas,Thor,Thorbjörn,Thorsten,Thorwald,Thurston,Tibalt,Tibbot,Tiberius,Tibor,Tibot,Tiernan,Tigo,Tigran,Till,Tim,Timeus,Timmy,Timo,Timoleon,Timon,Timoteo,Timothy,Timur,Tino,Tinus,Tiomir,Tiras,Tirato,Titianus,Tito,Titus,Tivedar,Tivon,Tiziano,Tjalf,Tjark,Toal,Tobiah,Tobias,Tobit,Todd,Toivo,Tolman,Tolommeo,Tom,Tomaso,Tommaso,Tonio,Tony,Toralf,Torben,Tord,Tore,Torfinn,Torin,Torrence,Torvon,Tovi,Tozzo,Trace,Travers,Travin,Travis,Travon,Tremayne,Trent,Trenton,Trevin,Trevion,Trey,Treyton,Trevon,Trevor,Tristan,Tristian,Tristin,Triston,Troy,Truman,Trutz,Trystan,Tuathal,Tucker,Tullio,Tuomas,Turner,Tuvya,Ty,Tycho,Tyee,Tyler,Tylor,Tymon,Tyree,Tyrell,Tyrese,Tyrone,Tyshawn,Tzuriel,Ualan,Uba,Ubadah,Ubaid,Ubald,Ubbo,Uberto,Ubul,Udeh,Udo,Udolf,Ufuk,Ugdalf,Ugdan,Ugo,Ugolino,Ugor,Ugur,Uilleag,Uilleam,Uilliam,Uinseann,Uisdean,Uistean,Ukko,Ulan,Uland,Ulani,Ulbrecht,Uldarico,Ulf,Ulfert,Ulfried,Ulick,Ulises,Ulisse,Ulixes,Ulmann,Ulprus,Ulric,Ulrik,Ultan,Ultman,Ulucan,Ulysses,Umar,Umberto,Umit,Unai,Uner,Unni,Unwin,Uolevi,Upor,Upshaw,Upton,Urbain,Urban,Urbano,Urho,Uri,Uriah,Urian,Urias,Uriel,Urien,Urjavah,Uros,Urras,Urs,Ursus,Usamah,Usim,Usko,Ustin,Uthman,Utt,Uttam,Utz,Uwain,Uwe,Uxio,Uzi,Uzoma,Uzor,Uzziah,Uzziel,Vacarro,Václav,Vadim,Vadin,Vahan,Valdemar,Valentin,Valentino,Valeri,Valerian,Valerio,Valerius,Valery,Vali,Valpo,Valter,Valto,Valtteri,Van,Vance,Vangelis,Vanya,Varfolomey,Varg,Varinius,Varius,Varlam,Varnava,Varney,Vartan,Vasant,Vasco,Vasil,Vasili,Vasilica,Vasilios,Vasilis,Vasily,Vasio,Vasya,Vasyl,Vaughan,Vaughn,Vavrinec,Vedastus,Veeti,Vefik,Veikko,Veit,Veli,Velimir,Velvel,Vencel,Venceslao,Venceslav,Veniamin,Venkat,Venyamin,Vercingetorix,Vere,Vered,Vergil,Verian,Verissimo,Vern,Vernier,Verner,Vernon,Vesa,Vespasian,Vespasiano,Vespasianus,Vester,Vibol,Vic,Vicente,Vincenzo,Vico,Victor,Victorin,Victorino,Victorius,Vid,Vidal,Vidar,Viggo,Vijay,Vikenti,Vikram,Viktor,Viktoras,Vilas,Vilchjo,Vilem,Vilen,Vilfred,Vilhelm,Vilhelmas,Vilhelmi,Vilhelmo,Vilhlems,Vilho,Vili,Viljami,Viljem,Viljo,Vilko,Ville,Vilmar,Vilmos,Vimal,Vin,Vinal,Vinay,Vince,Vincenc,Vincent,Vincentas,Vincente,Vincenzo,Vinicio,Vinko,Vinnie,Vinod,Vinzenz,Viorel,Vipin,Vipul,Virág,Virgil,Virgilio,Viriato,Vishal,Vishnu,Vitale,Vitali,Vitalis,Vitaly,Vitario,Vito,Vitor,Vittore,Vittorino,Vittorio,Vitulja,Vitus,Vitya,Vivek,Vivian,Viviano,Vjeko,Vjekoslav,Vlad,Vladilen,Vladimir,Vladislav,Vladlen,Vlaho,Vlasis,Vlassis,Vlastimil,Vlastislav,Vlatko,Viotto,Vojtech,Volkan,Volker,Volkmar,Volodya,Volodymyr,Volos,Volquin,Voltan,Volya,Vorlop,Vova,Vsevolod,Vuk,Vukasin,Vulcan,Vulkanus,Vyacheslav,Vytautas,Waclaw,Wade,Wafi,Wahid,Wahnfried,Walarich,Waldbert,Waldemar,Walden,Waldo,Walenty,Walker,Wallace,Wallis,Walt,Walter,Walther,Walton,Wanko,Wapasha,Ward,Wardell,Warner,Warren,Warwick,Washington,Wasil,Wasim,Wasja,Wassili,Wassim,Wasswa,Wasyl,Wat,Wayland,Waylon,Wayne,Webster,Wedigo,Weldon,Welf,Welty,Wenceslas,Wendel,Wendelin,Wendell,Wenzel,Wenzeslaus,Werner,Werther,Wesley,Westley,Weston,Whitaker,Wickaninnish,Wiclif,Wiebe,Wieland,Wielislaw,Wieslaw,Wigand,Wiktor,Wil,Wilbert,Wilbur,Wilburn,Wiley,Wilf,Wilford,Wilfred,Wilfredo,Wilfrido,Wilfried,Wilhelm,Wilkie,Will,Willard,Willem,William,Willibald,Willie,Willis,Willoughby,Willy,Wilmer,Wilmont,Wilmot,Wilmut,Wilpert,Wilson,Wilton,Wim,Wincenty,Windsor,Winfred,Winfried,Winimar,Winnetou,Winston,Winthrop,Winton,Wiremu,Wislaw,Witali,Witiko,Witold,Wladyslaw,Wlodek,Wlodzislaw,Woden,Wojtek,Wolf,Wolfe,Wolfgang,Wolfman,Wolfram,Wolodymyr,Woody,Wotan,Wout,Wouter,Wright,Wulf,Wulfhelm,Wyatt,Wybert,Wymond,Wyn,Wynfor,Wynn,Wynne,Wynono,Wystan,Xabier,Xan,Xander,Xandro,Xanti,Xanthus,Xao,Xaviar,Xavier,Xavior,Xeledur,Xeno,Xenocrates,Xenon,Xenophon,Xenos,Xeran,Xerber,Xeres,Xerxes,Xesús,Xiao,Ximen,Ximun,Xochipilli,Xolani,Xosé,Xurxo,Xylon,Xystus,Xzavier,Yachin,Yacin,Yacov,Yadid,Yadiel,Yadin,Yadon,Yago,Yahir,Yahto,Yahveh,Yair,Yakim,Yakecan,Yakez,Yakiv,Yakov,Yale,Yan,Yana,Yancy,Yanick,Yanis,Yankel,Yanko,Yann,Yanni,Yannic,Yannick,Yannis,Yantus,Yardan,Yarden,Yardley,Yarim,Yarin,Yaromir,Yaron,Yaropolk,Yaroslav,Yarum,Yasar,Yasashiku,Yash,Yasha,Yashodhar,Yashovarman,Yashpal,Yashwant,Yasin,Yasir,Yasser,Yasuo,Yates,Yavuz,Yazid,Yefim,Yefrem,Yegor,Yehiel,Yehudah,Yehudi,Yemelyan,Yemon,Yendar,Yener,Yentl,Yeoman,Yeoryios,Yered,Yerik,Yermolai,Yervant,Yeshaya,Yestin,Yeter,Yeti,Yeto,Yevgeny,Yianni,Yiannis,Yigit,Yildiz,Yilmaz,Yiorgos,Yitzhak,Yngvar,Ingve,Yo,Yoan,Yoav,Yobachi,Yochanan,Yoel,Yogendra,Yogesh,Yogi,Yohann,Yonah,Yonatan,Yong,Yoni,Yorath,Yordan,Yorge,Yorgos,Yori,Yorick,York,Yosef,Yoshi,Yoshiro,Yoshiyuki,Yosif,Yosyp,Yotimo,Ysgarran,Yu,Yuan,Yuki,Yukiko,Yukio,Yul,Yule,Yuli,Yulian,Yuma,Yunus,Yuri,Yurix,Yuriy,Yury,Yushua,Yussel,Yusuf,Yutaka,Yuval,Yvain,Yves,Yvo,Yvon,Yvor,Zabia,Zabulon,Zaccheo,Zachariah,Zacharias,Zachary,Zachäus,Zack,Zackary,Zackery,Zádor,Zafer,Zafir,Zagger,Zahid,Zahin,Zahur,Zaid,Zaide,Zaim,Zain,Zainam,Zaire,Zajzon,Zakai,Zakariyya,Zakary,Zaki,Zalán,Zale,Zalmai,Zalman,Zalmon,Zalo,Zambor,Zamir,Zander,Zandor,Zane,Zanebono,Zaniel,Zanipolo,Zann,Zanobi,Zarad,Zarathustra,Zarek,Zarjo,Zavier,Zayden,Zayne,Zazu,Zebedäus,Zebediah,Zebedee,Zebulon,Zebulun,Zechariah,Zedekiah,Zeeman,Zefirino,Zeki,Zelgai,Zelig,Zelimir,Zelipe,Zemar,Zen,Zeno,Zenoa,Zenobio,Zenon,Zenos,Zephan,Zephaniah,Zephyr,Zephyrin,Zerberus,Zeren,Zerind,Zero,Zeroun,Zeshawn,Zesiro,Zeth,Zeus,Zev,Ziff,Zimraan,Zimri,Zinan,Zion,Ziv,Ziven,Zlatko,Zobor,Zoello,Zoilo,Zoland,Zoltan,Zondan,Zoran,Zorba,Zordan,Zoris,Zorro,Zosimo,Zotico,Zowie,Zsigmond,Zsolt,Zurl,Zygmunt,Zyriakus